Work Item Type,Title,Description,Area Path,Iteration Path,Original Estimate,Tags,Priority
Task,[W1] 1.1 Design and implement multisig wallet structures,"Design and implement multisig wallet structures for VottunBridge

Part of Milestone 1: Core Multisig Infrastructure

Component: SC Qubic
Week: 1",SC Qubic,Week 1,8,M1;SC-Qubic;Week-1,2
Task,[W1] 1.2 Modify existing order structures for approval tracking,"Modify existing order structures for approval tracking

Details:
- Extend BridgeOrder with approval tracking fields
- Update all related input/output structures
- Ensure proper initialization and cleanup

Part of Milestone 1: Core Multisig Infrastructure

Component: SC Qubic
Week: 1",SC Qubic,Week 1,8,M1;SC-Qubic;Week-1,2
Task,[W1] 1.3 Implement core multisig validation functions,"Implement core multisig validation functions

Details:
- Owner verification and validation logic
- Approval counting and threshold checking
- Security validations and edge case handling

Part of Milestone 1: Core Multisig Infrastructure

Component: SC Qubic
Week: 1",SC Qubic,Week 1,16,M1;SC-Qubic;Week-1,2
Task,[W1] 2.1 Design and implement comprehensive DTO structures,"Design and implement comprehensive DTO structures

Details:
- Multisig wallet DTOs with validation
- Update order DTOs for approval tracking
- Approval history and audit trail structures
- JSON marshaling and validation

Part of Milestone 1: Core Multisig Infrastructure

Component: Backend Go
Week: 1",Backend Go,Week 1,8,M1;Backend-Go;Week-1,2
Task,[W1] 2.2 Develop robust multisig business logic - PARTIAL,"Develop robust multisig business logic (PARTIAL - 10h of 12h)

Details:
- Multisig service layer with state management
- Approval workflow orchestration

Note: Remaining 2h will be completed in Week 3

Part of Milestone 1: Core Multisig Infrastructure

Component: Backend Go
Week: 1",Backend Go,Week 1,10,M1;Backend-Go;Week-1,2
Task,[W1] 4.1 Develop state management and API integration - PARTIAL,"Develop state management and API integration (PARTIAL - 6h of 15h)

Details:
- Basic multisig wallet hooks with caching
- Initial approval status hooks

Note: Remaining 9h will be completed in Week 5

Part of Milestone 1: Core Multisig Infrastructure

Component: Frontend React
Week: 1",Frontend React,Week 1,6,M1;Frontend-React;Week-1,2
Task,[W1] 5.1 Comprehensive unit testing - PARTIAL,"Comprehensive unit testing (PARTIAL - 12h of 16h)

Details:
- Qubic contract multisig function testing
- Go backend service layer testing with mocks

Note: Remaining 4h will be completed in Week 3

Part of Milestone 1: Core Multisig Infrastructure

Component: Testing
Week: 1",Testing,Week 1,12,M1;Testing;Week-1,2
Task,[W2] QA - M1 Ecosystem Services validation,"Ecosystem Services validation of M1 deliverables

Success Criteria:
- Multisig structure deployed and functional
- Basic approval validation working
- API endpoints operational

Part of Milestone 1: Core Multisig Infrastructure

Component: QA
Week: 2",QA,Week 2,0,M1;QA;Week-2,1
Task,[W3] 1.4 Refactor critical operations for multisig workflow,"Refactor critical operations for multisig workflow

Details:
- Complete redesign of completeOrder for multiple approvals
- Modify refundOrder with approval requirements
- Update transferToContract with multisig validation
- Add approval submission and revocation logic

Part of Milestone 2: Full Order Lifecycle + EVM Integration

Component: SC Qubic
Week: 3",SC Qubic,Week 3,16,M2;SC-Qubic;Week-3,2
Task,[W3] 2.2 Develop robust multisig business logic - COMPLETE,"Develop robust multisig business logic (COMPLETE - 2h remaining of 12h)

Details:
- Integration with existing Qubic contract interactions
- Error handling and retry mechanisms

Note: This completes the work started in Week 1

Part of Milestone 2: Full Order Lifecycle + EVM Integration

Component: Backend Go
Week: 3",Backend Go,Week 3,2,M2;Backend-Go;Week-3,2
Task,[W3] 2.3 Refactor existing endpoints for multisig compatibility,"Refactor existing endpoints for multisig compatibility

Details:
- Redesign complete-order endpoint with approval workflows
- Update refund-order with multisig voting requirements
- Modify order status endpoints for approval visibility
- Ensure backward compatibility

Part of Milestone 2: Full Order Lifecycle + EVM Integration

Component: Backend Go
Week: 3",Backend Go,Week 3,8,M2;Backend-Go;Week-3,2
Task,[W3] 2.4 Implement comprehensive multisig API endpoints - PARTIAL,"Implement comprehensive multisig API endpoints (PARTIAL - 8h of 16h)

Details:
- Approval submission and tracking endpoints
- Wallet owner management with proper authorization

Note: Remaining 8h will be completed in Week 5

Part of Milestone 2: Full Order Lifecycle + EVM Integration

Component: Backend Go
Week: 3",Backend Go,Week 3,8,M2;Backend-Go;Week-3,2
Task,[W3] 3.1 Design and implement comprehensive operator multisig system,"Design and implement comprehensive operator multisig system

Details:
- Create sophisticated approval tracking mappings and structures
- Implement operator role management with access controls
- Design gas-efficient approval storage mechanisms
- Add comprehensive event emission for approval tracking

Part of Milestone 2: Full Order Lifecycle + EVM Integration

Component: SC EVM
Week: 3",SC EVM,Week 3,12,M2;SC-EVM;Week-3,2
Task,[W3] 3.2 Refactor critical order operations for multisig requirements,"Refactor critical order operations for multisig requirements

Details:
- Complete redesign of confirmOrder with approval threshold validation
- Modify executeOrder to require multiple operator signatures
- Update revertOrder with multisig approval requirements
- Implement approval expiration and cleanup mechanisms

Part of Milestone 2: Full Order Lifecycle + EVM Integration

Component: SC EVM
Week: 3",SC EVM,Week 3,16,M2;SC-EVM;Week-3,2
Task,[W3] 3.3 Add comprehensive multisig management functions - PARTIAL,"Add comprehensive multisig management functions (PARTIAL - 12h)

Details:
- Approval submission with validation and security checks

Part of Milestone 2: Full Order Lifecycle + EVM Integration

Component: SC EVM
Week: 3",SC EVM,Week 3,12,M2;SC-EVM;Week-3,2
Task,[W3] 5.1 Comprehensive unit testing - COMPLETE,"Comprehensive unit testing (COMPLETE - 4h remaining of 16h)

Details:
- EVM contract testing with complex approval workflows
- React component testing with various approval states

Note: This completes the work started in Week 1

Part of Milestone 2: Full Order Lifecycle + EVM Integration

Component: Testing
Week: 3",Testing,Week 3,4,M2;Testing;Week-3,2
Task,[W3] 5.2 End-to-end integration testing - PARTIAL,"End-to-end integration testing (PARTIAL - 7h of 12h)

Details:
- Cross-platform multisig workflow testing
- Real-world scenario simulation with multiple participants

Note: Remaining 5h will be completed in Week 5

Part of Milestone 2: Full Order Lifecycle + EVM Integration

Component: Testing
Week: 3",Testing,Week 3,7,M2;Testing;Week-3,2
Task,[W4] QA - M2 Ecosystem Services validation,"Ecosystem Services validation of M2 deliverables

Success Criteria:
- All order operations require multisig approval
- EVM operator multisig functional
- Cross-chain approval synchronization working

Part of Milestone 2: Full Order Lifecycle + EVM Integration

Component: QA
Week: 4",QA,Week 4,0,M2;QA;Week-4,1
Task,[W5] 1.5 Add comprehensive wallet management functions,"Add comprehensive wallet management functions

Details:
- Owner addition and removal with proper validations
- Threshold management with safety checks
- Emergency procedures and fallback mechanisms
- Event logging and audit trail implementation

Part of Milestone 3: Wallet Management + Testing

Component: SC Qubic
Week: 5",SC Qubic,Week 5,16,M3;SC-Qubic;Week-5,2
Task,[W5] 2.4 Implement comprehensive multisig API endpoints - COMPLETE,"Implement comprehensive multisig API endpoints (COMPLETE - 8h remaining of 16h)

Details:
- Approval history and audit trail endpoints
- Real-time approval status and notification systems
- Batch approval operations for efficiency

Note: This completes the work started in Week 3

Part of Milestone 3: Wallet Management + Testing

Component: Backend Go
Week: 5",Backend Go,Week 5,8,M3;Backend-Go;Week-5,2
Task,[W5] 4.1 Develop state management and API integration - COMPLETE,"Develop state management and API integration (COMPLETE - 9h remaining of 15h)

Details:
- Real-time approval status WebSocket integration
- Error handling and retry mechanisms for multisig operations
- Optimistic UI updates for better UX
- Integration with existing authentication and authorization systems

Note: This completes the work started in Week 1

Part of Milestone 3: Wallet Management + Testing

Component: Frontend React
Week: 5",Frontend React,Week 5,9,M3;Frontend-React;Week-5,2
Task,[W5] 5.2 End-to-end integration testing - COMPLETE,"End-to-end integration testing (COMPLETE - 5h remaining of 12h)

Details:
- Performance testing under high approval load
- Error recovery and resilience testing

Note: This completes the work started in Week 3

Part of Milestone 3: Wallet Management + Testing

Component: Testing
Week: 5",Testing,Week 5,5,M3;Testing;Week-5,2
Task,[W5] 5.3 Specialized multisig security and edge case testing,"Specialized multisig security and edge case testing

Details:
- Concurrent approval submission testing
- Threshold manipulation and security breach scenarios
- Owner management edge cases and attack vectors
- Gas optimization and cost analysis for EVM operations

Part of Milestone 3: Wallet Management + Testing

Component: Testing
Week: 5",Testing,Week 5,8,M3;Testing;Week-5,2
Task,[W5] 5.4 User acceptance and scenario-based testing,"User acceptance and scenario-based testing

Details:
- Complete approval workflow simulation with real users
- Mobile and desktop interface testing across browsers
- Accessibility testing for multisig interfaces
- Performance benchmarking and optimization
- Load testing with multiple simultaneous approvals

Part of Milestone 3: Wallet Management + Testing

Component: Testing
Week: 5",Testing,Week 5,8,M3;Testing;Week-5,2
Task,[W6] QA - M3 Ecosystem Services validation,"Ecosystem Services validation of M3 deliverables

Success Criteria:
- Owner management operational
- Threshold adjustment working
- Emergency procedures functional
- Comprehensive test coverage

Part of Milestone 3: Wallet Management + Testing

Component: QA
Week: 6",QA,Week 6,0,M3;QA;Week-6,1
Task,[W7] 6.1 Comprehensive technical documentation,"Comprehensive technical documentation

Details:
- Detailed multisig architecture documentation
- API documentation with approval workflow examples
- Smart contract documentation with security considerations

Part of Milestone 4: Production Deployment + Audit

Component: Documentation
Week: 7",Documentation,Week 7,8,M4;Documentation;Week-7,2
Task,[W7] 6.3 Migration and deployment preparation,"Migration and deployment preparation

Details:
- Production-ready migration scripts with rollback procedures
- Environment configuration and security hardening guides
- Monitoring and alerting setup for multisig operations

Part of Milestone 4: Production Deployment + Audit

Component: Deployment
Week: 7",Deployment,Week 7,4,M4;Deployment;Week-7,2
Task,[W8] 6.4 Deployment validation and go-live support,"Deployment, validation, and go-live support

Details:
- Staged deployment across test and production environments
- Comprehensive validation testing in production-like environment
- Go-live support and monitoring during initial deployment
- Post-deployment optimization and performance tuning
- Emergency response procedures and rollback planning

Part of Milestone 4: Production Deployment + Audit

Component: Deployment
Week: 8",Deployment,Week 8,16,M4;Deployment;Week-8,1
Task,[W9-10] External smart contract audit,"External smart contract audit

Details:
- Coordination with audit firm (TBD)
- Review and fix vulnerabilities found
- Final pre-mainnet validation

Success Criteria:
- Zero critical vulnerabilities in audit
- Production deployment successful
- All existing bridge functionality preserved
- Complete documentation delivered

Part of Milestone 4: Production Deployment + Audit

Component: External Audit
Weeks: 9-10",External Audit,Week 9-10,0,M4;External-Audit;Week-9-10,1
